"","modality","type","period","brain_measure","stim_int_estimate","stim_int_SE","stim_int_DF","stim_int_t","stim_int_p","cue_mean_estimate","cue_mean_SE","cue_mean_DF","cue_mean_t","cue_mean_p","cue_var_estimate","cue_var_SE","cue_var_DF","cue_var_t","cue_var_p","cue_sk_neg_sym_estimate","cue_sk_neg_sym_SE","cue_sk_neg_sym_DF","cue_sk_neg_sym_t","cue_sk_neg_sym_p","cue_sk_pos_sym_estimate","cue_sk_pos_sym_SE","cue_sk_pos_sym_DF","cue_sk_pos_sym_t","cue_sk_pos_sym_p","cue_mean_X_var_estimate","cue_mean_X_var_SE","cue_mean_X_var_DF","cue_mean_X_var_t","cue_mean_X_var_p","stim_int_X_cue_mean_estimate","stim_int_X_cue_mean_SE","stim_int_X_cue_mean_DF","stim_int_X_cue_mean_t","stim_int_X_cue_mean_p"
"1","pain","neuromarker","stim","nps",0.143,0.027,2895.21,5.23,0,0.022,0.03,202.09,0.74,0.462,0.006,0.027,2895.26,0.24,0.812,0.047,0.039,2894.92,1.21,0.225,0.017,0.038,2895.6,0.45,0.653,0.006,0.027,2904.36,0.21,0.836,-0.016,0.027,2894,-0.57,0.567
"5","vision","neuromarker","stim","nps",-0.015,0.03,2947.11,-0.5,0.617,-0.013,0.03,2946.43,-0.45,0.652,0.022,0.03,2947.94,0.75,0.456,-0.055,0.042,2947.36,-1.29,0.196,0.038,0.042,2947.25,0.9,0.368,0,0.03,2946.37,0.02,0.988,0.005,0.03,2946.45,0.15,0.877
"6058","pain","neuromarker","stim","siips",-0.017,0.028,2936.19,-0.59,0.552,0.066,0.028,2936.51,2.33,0.02,0.016,0.028,2937.62,0.55,0.586,-0.011,0.04,2936.81,-0.27,0.785,-0.012,0.04,2937.06,-0.31,0.757,-0.007,0.028,2936.44,-0.24,0.814,0.001,0.028,2936.63,0.05,0.96
"6062","vision","neuromarker","stim","siips",-0.027,0.03,2935.65,-0.88,0.377,-0.005,0.03,2935.08,-0.17,0.864,0.051,0.03,2936.69,1.68,0.094,0.008,0.043,2936.1,0.2,0.844,0.035,0.043,2935.89,0.81,0.417,-0.011,0.03,2934.91,-0.38,0.704,0.001,0.03,2935.1,0.04,0.971
"12115","pain","pain","stim","Thal_VPLM_R",0.112,0.029,2946.48,3.88,0,-0.025,0.029,2946.87,-0.87,0.385,0.008,0.029,2947.69,0.28,0.783,-0.031,0.041,2946.92,-0.75,0.456,-0.045,0.041,2947.29,-1.1,0.273,-0.006,0.029,2946.78,-0.21,0.836,-0.027,0.029,2947.02,-0.94,0.346
"12119","vision","pain","stim","Thal_VPLM_R",0.043,0.031,2964.47,1.4,0.162,-0.062,0.031,2963.45,-2,0.046,-0.033,0.031,2964.66,-1.07,0.284,-0.085,0.044,2963.83,-1.93,0.054,-0.004,0.044,2964.26,-0.1,0.923,0.026,0.031,2963.31,0.83,0.408,0.025,0.031,2963.36,0.8,0.425
"18172","pain","pain","stim","Thal_VPLM_L",0.084,0.029,2906.78,2.93,0.003,-0.043,0.029,314.36,-1.47,0.141,0.001,0.029,2906.58,0.05,0.962,0.013,0.04,2906.09,0.31,0.757,-0.005,0.04,2907.15,-0.13,0.898,0.006,0.029,2914.76,0.22,0.83,0.005,0.029,2905.59,0.17,0.862
"18176","vision","pain","stim","Thal_VPLM_L",0.041,0.031,2965.46,1.34,0.181,-0.027,0.031,2964.56,-0.89,0.375,-0.024,0.031,2965.59,-0.77,0.441,-0.03,0.044,2965.06,-0.7,0.487,-0.01,0.043,2965.24,-0.22,0.823,0.022,0.031,2964.35,0.7,0.481,0.012,0.031,2964.58,0.39,0.696
"24229","pain","pain","stim","Thal_MD",0.097,0.029,2948.53,3.34,0.001,-0.005,0.029,2948.92,-0.16,0.872,-0.027,0.029,2949.77,-0.94,0.347,0.017,0.041,2949.01,0.42,0.674,-0.017,0.041,2949.36,-0.41,0.68,-0.01,0.029,2948.84,-0.35,0.728,-0.01,0.029,2949.08,-0.35,0.726
"24233","vision","pain","stim","Thal_MD",0.009,0.031,2911.23,0.28,0.777,-0.016,0.031,355.32,-0.5,0.614,-0.035,0.031,2911.42,-1.15,0.251,-0.068,0.044,2910.36,-1.56,0.118,0.007,0.044,2910.53,0.15,0.879,0.041,0.031,2912.24,1.32,0.186,-0.024,0.031,2912.52,-0.78,0.438
"30286","pain","pain","stim","Bstem_PAG",0.141,0.03,2907.27,4.71,0,-0.066,0.03,341.9,-2.17,0.031,0.054,0.03,2907.83,1.79,0.073,0.014,0.042,2906.83,0.33,0.739,-0.001,0.042,2907.9,-0.04,0.972,0.025,0.03,2915.29,0.83,0.406,-0.028,0.03,2906.38,-0.92,0.357
"30290","vision","pain","stim","Bstem_PAG",-0.006,0.031,2917.3,-0.18,0.854,0.003,0.032,306.24,0.08,0.937,0.031,0.031,2917.08,0.99,0.323,-0.012,0.044,2916.23,-0.27,0.787,-0.015,0.044,2916.53,-0.35,0.729,0.03,0.031,2917.93,0.97,0.334,-0.001,0.031,2918.13,-0.03,0.973
"36343","pain","pain","stim","dpIns_L",0.145,0.028,2906,5.17,0,-0.016,0.029,302.06,-0.55,0.585,0.002,0.028,2905.65,0.06,0.956,0.03,0.04,2905.29,0.76,0.444,0.005,0.04,2906.31,0.14,0.892,-0.005,0.028,2913.91,-0.18,0.858,-0.001,0.028,2904.73,-0.05,0.963
"36347","vision","pain","stim","dpIns_L",0.006,0.031,2950.22,0.18,0.855,-0.019,0.031,2949.45,-0.63,0.528,0,0.031,2950.38,0.01,0.995,-0.063,0.043,2949.88,-1.45,0.147,0.003,0.043,2950.01,0.06,0.949,0.002,0.031,2949.28,0.06,0.953,0.005,0.031,2949.34,0.15,0.883
"42400","pain","pain","stim","dpIns_R",0.155,0.027,2948.32,5.67,0,-0.027,0.027,2948.59,-1,0.316,-0.019,0.027,2949.06,-0.68,0.499,0.012,0.039,2948.62,0.31,0.754,0.03,0.039,2948.83,0.78,0.435,-0.003,0.027,2948.54,-0.1,0.916,-0.007,0.027,2948.69,-0.24,0.808
"42404","vision","pain","stim","dpIns_R",-0.02,0.031,2948.55,-0.65,0.515,-0.009,0.031,2947.47,-0.3,0.763,0.019,0.031,2948.54,0.62,0.536,-0.142,0.044,2948,-3.25,0.001,-0.034,0.043,2947.98,-0.77,0.441,-0.005,0.031,2947.19,-0.16,0.871,0.003,0.031,2947.41,0.09,0.927
"48457","pain","pain","stim","aIns_L",0.093,0.029,2948.31,3.21,0.001,-0.016,0.029,2948.7,-0.54,0.588,0.002,0.029,2949.55,0.06,0.951,0.024,0.041,2948.79,0.57,0.567,0.045,0.041,2949.14,1.08,0.278,-0.007,0.029,2948.62,-0.23,0.82,-0.01,0.029,2948.87,-0.33,0.739
"48461","vision","pain","stim","aIns_L",0.006,0.031,2916.61,0.18,0.854,-0.031,0.033,249.1,-0.93,0.353,-0.027,0.031,2916.54,-0.86,0.389,-0.063,0.044,2916.12,-1.44,0.151,0.017,0.044,2916.13,0.38,0.702,0.009,0.031,2917.67,0.29,0.775,-0.03,0.031,2917.32,-0.96,0.338
"54514","pain","pain","stim","aIns_R",0.076,0.028,2904.35,2.68,0.007,0.018,0.029,295.04,0.61,0.54,0.008,0.028,2904.1,0.29,0.773,0.007,0.04,2903.73,0.18,0.858,0.071,0.04,2904.81,1.78,0.075,0.002,0.028,2912.07,0.07,0.942,-0.04,0.028,2903.15,-1.41,0.158
"54518","vision","pain","stim","aIns_R",-0.01,0.031,2958.62,-0.33,0.743,-0.055,0.031,2957.42,-1.77,0.077,-0.01,0.031,2958.73,-0.31,0.755,0.008,0.044,2958.01,0.18,0.86,0.037,0.044,2958.43,0.85,0.397,0.007,0.031,2957.23,0.22,0.822,-0.022,0.031,2957.55,-0.71,0.477
"60571","pain","pain","stim","aMCC_MPFC",0.109,0.028,2905.39,3.92,0,-0.01,0.029,243.7,-0.35,0.728,0.001,0.028,2904.97,0.03,0.973,0.031,0.039,2904.76,0.79,0.432,0.04,0.039,2905.54,1.03,0.303,-0.021,0.028,2912.39,-0.75,0.453,-0.029,0.028,2904.1,-1.06,0.291
"60575","vision","pain","stim","aMCC_MPFC",0.014,0.031,2950.76,0.46,0.643,-0.035,0.031,2949.78,-1.14,0.253,-0.012,0.031,2950.89,-0.39,0.695,-0.043,0.044,2950.34,-0.98,0.326,0.003,0.044,2950.48,0.08,0.937,0.019,0.031,2949.65,0.6,0.548,-0.018,0.031,2949.89,-0.59,0.558
"66628","pain","pain","stim","s1_handplus_L",0.133,0.027,2908.47,5,0,-0.033,0.027,357.61,-1.21,0.225,-0.012,0.027,2907.82,-0.46,0.645,0.034,0.038,2907.62,0.9,0.37,0.024,0.038,2908.48,0.63,0.527,-0.02,0.027,2916.25,-0.76,0.445,-0.009,0.027,2907.16,-0.34,0.736
"66632","vision","pain","stim","s1_handplus_L",0.011,0.03,2956.49,0.37,0.713,-0.018,0.03,2955.86,-0.61,0.543,-0.006,0.03,2956.66,-0.21,0.837,-0.058,0.043,2956.34,-1.35,0.176,-0.023,0.043,2956.27,-0.55,0.583,-0.016,0.03,2955.79,-0.54,0.586,-0.003,0.03,2955.88,-0.1,0.924
"72685","pain","pain","stim","s1_handplus_R",0.117,0.026,2948.23,4.49,0,-0.007,0.026,2948.43,-0.27,0.788,-0.009,0.026,2948.75,-0.33,0.738,0.015,0.037,2948.44,0.4,0.689,0.036,0.037,2948.59,0.99,0.324,0.018,0.026,2948.39,0.67,0.5,-0.01,0.026,2948.5,-0.37,0.709
"72689","vision","pain","stim","s1_handplus_R",-0.021,0.031,2946.47,-0.69,0.489,-0.041,0.031,2945.75,-1.33,0.182,0.012,0.031,2946.89,0.39,0.699,-0.103,0.044,2946.34,-2.36,0.018,-0.033,0.044,2946.38,-0.77,0.444,-0.008,0.031,2945.52,-0.26,0.793,0.013,0.031,2945.88,0.41,0.684
"78742","pain","higher_level","stim","Ctx_IPS1_L",0.054,0.029,2948.64,1.87,0.061,-0.055,0.029,2949.03,-1.91,0.056,-0.027,0.029,2949.87,-0.91,0.362,0.046,0.041,2949.11,1.12,0.264,0.036,0.041,2949.46,0.88,0.381,-0.003,0.029,2948.94,-0.11,0.914,-0.03,0.029,2949.19,-1.04,0.3
"78746","vision","higher_level","stim","Ctx_IPS1_L",0.012,0.029,2958.68,0.4,0.691,-0.054,0.029,2958.19,-1.84,0.066,-0.021,0.029,2958.83,-0.71,0.479,-0.03,0.041,2958.55,-0.73,0.468,-0.004,0.041,2958.52,-0.11,0.915,0.029,0.029,2958.11,0.99,0.325,-0.013,0.029,2958.13,-0.43,0.664
"84799","pain","higher_level","stim","Ctx_11l_L",-0.025,0.03,2904.47,-0.85,0.394,-0.031,0.031,292.8,-1.02,0.308,-0.038,0.03,2904.63,-1.29,0.198,0.019,0.042,2903.94,0.46,0.647,0.002,0.042,2904.88,0.04,0.97,0.023,0.03,2911.58,0.79,0.432,0.028,0.03,2903.44,0.95,0.342
"84803","vision","higher_level","stim","Ctx_11l_L",-0.026,0.031,2957.96,-0.85,0.396,-0.027,0.031,2957.28,-0.88,0.378,-0.017,0.031,2958.43,-0.56,0.575,-0.011,0.044,2957.94,-0.25,0.801,-0.028,0.044,2958,-0.64,0.522,0.015,0.031,2956.96,0.5,0.62,0.002,0.031,2957.49,0.05,0.961
"90856","pain","higher_level","stim","Ctx_IPS1_R",0.021,0.03,2906.99,0.69,0.488,-0.061,0.03,304.97,-1.99,0.047,-0.012,0.03,2907.28,-0.41,0.682,0.012,0.042,2906.48,0.29,0.772,0.031,0.042,2907.39,0.74,0.459,-0.009,0.03,2914.69,-0.31,0.754,0.007,0.03,2906,0.22,0.825
"90860","vision","higher_level","stim","Ctx_IPS1_R",0.004,0.029,2956.73,0.14,0.891,-0.052,0.029,2956.23,-1.79,0.074,-0.036,0.029,2956.83,-1.24,0.216,-0.013,0.042,2956.62,-0.31,0.753,0,0.041,2956.48,-0.01,0.991,0.054,0.029,2956.15,1.86,0.064,-0.015,0.029,2956.25,-0.52,0.605
"96913","pain","higher_level","stim","Ctx_p9_46v_R",0.021,0.03,2948.37,0.72,0.473,-0.026,0.03,2948.82,-0.87,0.386,-0.04,0.03,2949.91,-1.34,0.181,0.014,0.042,2948.95,0.34,0.737,-0.007,0.042,2949.38,-0.17,0.868,-0.005,0.03,2948.72,-0.18,0.854,0.024,0.03,2949.02,0.81,0.417
"96917","vision","higher_level","stim","Ctx_p9_46v_R",0.041,0.03,2954.5,1.36,0.174,-0.041,0.03,2953.94,-1.33,0.182,-0.034,0.03,2954.8,-1.11,0.267,0.01,0.043,2954.5,0.23,0.814,-0.063,0.043,2954.47,-1.45,0.147,0.004,0.03,2953.91,0.14,0.885,-0.003,0.03,2954.16,-0.11,0.911
"102970","pain","higher_level","stim","Ctx_11l_R",-0.009,0.03,2948.45,-0.31,0.757,0.017,0.03,2948.9,0.58,0.565,-0.049,0.03,2949.97,-1.64,0.102,0.03,0.042,2949.02,0.72,0.469,-0.011,0.042,2949.45,-0.26,0.793,0.003,0.03,2948.8,0.11,0.916,0.01,0.03,2949.1,0.32,0.748
"102974","vision","higher_level","stim","Ctx_11l_R",0.003,0.031,2949.65,0.08,0.934,-0.027,0.031,2948.94,-0.89,0.374,0.009,0.031,2949.91,0.29,0.775,-0.003,0.044,2949.39,-0.06,0.952,-0.082,0.044,2949.51,-1.87,0.061,-0.01,0.031,2948.7,-0.33,0.74,-0.026,0.031,2949.24,-0.84,0.4
"109027","pain","higher_level","stim","NAc_shell_like_R",0.026,0.03,2907.94,0.87,0.384,0.043,0.031,304.74,1.39,0.166,-0.052,0.03,2908.78,-1.73,0.084,0.038,0.043,2907.67,0.88,0.378,-0.005,0.043,2908.86,-0.11,0.909,0.039,0.03,2915.26,1.31,0.192,0.029,0.03,2907.14,0.95,0.344
"109031","vision","higher_level","stim","NAc_shell_like_R",-0.001,0.031,2959.54,-0.03,0.977,-0.002,0.031,2958.53,-0.07,0.944,0.024,0.031,2960.28,0.77,0.443,-0.015,0.044,2959.04,-0.34,0.733,-0.054,0.044,2959.6,-1.22,0.223,0.062,0.031,2958.19,1.98,0.048,0,0.031,2958.86,0.01,0.991
"115084","pain","higher_level","stim","NAc_core_like_R",0.071,0.029,2904.85,2.39,0.017,0.072,0.03,315.4,2.39,0.018,-0.075,0.029,2904.97,-2.53,0.011,-0.004,0.042,2904.26,-0.11,0.915,-0.046,0.042,2905.34,-1.11,0.269,0.047,0.029,2912.82,1.58,0.114,-0.02,0.029,2903.77,-0.69,0.49
"115088","vision","higher_level","stim","NAc_core_like_R",0.014,0.031,2961.2,0.45,0.654,0.029,0.031,2960.25,0.94,0.347,0.019,0.031,2961.6,0.61,0.541,-0.018,0.044,2960.8,-0.42,0.676,-0.027,0.044,2961.17,-0.62,0.533,0.001,0.031,2959.84,0.03,0.975,0.027,0.031,2960.14,0.86,0.392
"121141","pain","higher_level","stim","NAc_shell_like_L",0.045,0.03,2948.25,1.51,0.131,0.021,0.03,2948.76,0.69,0.49,-0.02,0.03,2950.11,-0.67,0.5,0.032,0.042,2948.93,0.76,0.445,0.004,0.042,2949.45,0.09,0.929,0.045,0.03,2948.63,1.5,0.133,-0.002,0.03,2949,-0.06,0.956
"121145","vision","higher_level","stim","NAc_shell_like_L",0.01,0.031,2965.43,0.33,0.74,-0.013,0.031,2964.41,-0.4,0.688,-0.015,0.031,2966.02,-0.48,0.63,0.001,0.044,2964.83,0.03,0.974,-0.014,0.044,2965.6,-0.33,0.744,0.037,0.031,2964.07,1.18,0.237,0.023,0.031,2964.59,0.73,0.467
"127198","pain","higher_level","stim","NAc_core_like_L",0.033,0.03,2947.91,1.1,0.273,0.054,0.03,2948.41,1.81,0.07,-0.104,0.03,2949.71,-3.47,0.001,0.019,0.042,2948.57,0.44,0.66,-0.031,0.042,2949.08,-0.73,0.465,0.073,0.03,2948.29,2.43,0.015,-0.006,0.03,2948.64,-0.2,0.841
"127202","vision","higher_level","stim","NAc_core_like_L",0.026,0.031,2968.73,0.85,0.398,0.005,0.031,2967.71,0.15,0.88,0.022,0.031,2968.71,0.71,0.475,-0.038,0.044,2968.14,-0.86,0.388,-0.057,0.043,2968.5,-1.31,0.189,0.033,0.031,2967.5,1.08,0.28,0.059,0.031,2967.73,1.93,0.053
"133255","pain","higher_level","stim","Ctx_8C_L_and_Ctx_46_L",0.098,0.03,2948.47,3.31,0.001,-0.022,0.03,2948.92,-0.76,0.447,-0.03,0.03,2949.98,-1.02,0.307,0.011,0.042,2949.04,0.26,0.798,0.01,0.042,2949.47,0.25,0.801,0.001,0.03,2948.82,0.05,0.961,0.014,0.03,2949.12,0.48,0.631
"133259","vision","higher_level","stim","Ctx_8C_L_and_Ctx_46_L",0.016,0.031,2952.56,0.53,0.595,-0.018,0.031,2951.84,-0.57,0.568,-0.019,0.031,2952.78,-0.61,0.541,-0.025,0.044,2952.42,-0.58,0.564,-0.052,0.043,2952.37,-1.2,0.229,0.003,0.031,2951.63,0.09,0.925,0.015,0.031,2951.93,0.49,0.625
"139312","pain","visual","stim","Ctx_V1_L",0.108,0.029,2908.45,3.78,0,-0.023,0.029,341.27,-0.81,0.421,-0.023,0.029,2908.28,-0.81,0.418,0.031,0.04,2907.78,0.76,0.445,0.005,0.04,2908.67,0.11,0.908,0.04,0.029,2916.1,1.39,0.164,-0.025,0.029,2907.34,-0.86,0.387
"139316","vision","visual","stim","Ctx_V1_L",0.053,0.029,2950.96,1.83,0.067,-0.037,0.029,2950.41,-1.27,0.204,-0.011,0.029,2950.97,-0.39,0.696,-0.059,0.041,2950.76,-1.43,0.153,-0.008,0.041,2950.6,-0.21,0.838,0.027,0.029,2950.37,0.94,0.348,-0.031,0.029,2950.4,-1.06,0.289
"145369","pain","visual","stim","Ctx_V2_L",0.111,0.029,2948.39,3.88,0,-0.029,0.029,2948.75,-1.01,0.312,-0.022,0.029,2949.46,-0.77,0.443,0.019,0.041,2948.81,0.46,0.644,-0.015,0.04,2949.11,-0.37,0.71,0.041,0.029,2948.67,1.44,0.151,-0.032,0.029,2948.89,-1.1,0.27
"145373","vision","visual","stim","Ctx_V2_L",0.064,0.029,2952.96,2.2,0.028,-0.032,0.029,2952.43,-1.09,0.275,0.003,0.029,2952.97,0.11,0.916,-0.079,0.041,2952.75,-1.92,0.056,-0.044,0.041,2952.63,-1.08,0.282,0.025,0.029,2952.39,0.85,0.395,-0.021,0.029,2952.42,-0.74,0.46
"151426","pain","visual","stim","Ctx_V3_L",0.09,0.028,2908.65,3.18,0.001,-0.018,0.029,297.77,-0.61,0.545,-0.028,0.028,2908.38,-1,0.317,0.038,0.04,2908.02,0.95,0.345,-0.017,0.04,2908.74,-0.42,0.672,0.042,0.028,2915.66,1.49,0.136,-0.023,0.028,2907.51,-0.82,0.414
"151430","vision","visual","stim","Ctx_V3_L",0.067,0.028,2955.89,2.39,0.017,-0.046,0.028,2955.45,-1.62,0.106,0.012,0.028,2955.89,0.42,0.672,-0.086,0.04,2955.73,-2.15,0.032,-0.062,0.04,2955.63,-1.54,0.123,0,0.028,2955.42,-0.01,0.993,-0.014,0.028,2955.43,-0.48,0.631
"157483","pain","visual","stim","Ctx_V4_L",0.05,0.029,2909.06,1.73,0.084,-0.031,0.03,314.92,-1.05,0.294,-0.018,0.029,2908.99,-0.62,0.534,0.047,0.041,2908.44,1.15,0.251,0.013,0.041,2909.22,0.32,0.745,0.018,0.029,2916.49,0.61,0.539,-0.037,0.029,2908,-1.27,0.204
"157487","vision","visual","stim","Ctx_V4_L",0.02,0.025,2959.45,0.81,0.421,-0.032,0.025,2959.23,-1.28,0.201,-0.012,0.025,2959.46,-0.49,0.624,-0.072,0.036,2959.4,-2.01,0.045,-0.054,0.036,2959.32,-1.52,0.13,0.006,0.025,2959.21,0.25,0.805,0.008,0.025,2959.23,0.33,0.74
"163540","pain","visual","stim","Ctx_V3A_L",0.106,0.029,2903.01,3.63,0,-0.012,0.032,213.7,-0.37,0.711,-0.018,0.029,2903.22,-0.63,0.53,0.006,0.041,2902.76,0.15,0.881,0.012,0.041,2903.32,0.3,0.768,0.033,0.029,2908.81,1.13,0.259,-0.053,0.029,2902.06,-1.82,0.07
"163544","vision","visual","stim","Ctx_V3A_L",0.043,0.028,2955.51,1.57,0.115,-0.012,0.028,2955.17,-0.45,0.653,-0.003,0.028,2955.52,-0.1,0.92,-0.101,0.039,2955.41,-2.57,0.01,-0.052,0.039,2955.33,-1.33,0.184,-0.022,0.028,2955.12,-0.82,0.415,-0.004,0.028,2955.17,-0.13,0.898
"169597","pain","visual","stim","Ctx_V3B_L",0.057,0.029,2948.4,1.95,0.051,-0.014,0.029,2948.77,-0.49,0.625,-0.01,0.029,2949.57,-0.35,0.724,0.033,0.041,2948.85,0.81,0.416,0.024,0.041,2949.18,0.59,0.552,-0.01,0.029,2948.69,-0.36,0.719,-0.041,0.029,2948.93,-1.43,0.153
"169601","vision","visual","stim","Ctx_V3B_L",0.007,0.028,2960.86,0.24,0.811,-0.019,0.028,2960.47,-0.68,0.494,-0.024,0.028,2960.84,-0.88,0.379,-0.055,0.039,2960.72,-1.4,0.163,-0.023,0.039,2960.6,-0.58,0.562,-0.003,0.028,2960.44,-0.11,0.911,0.018,0.028,2960.48,0.64,0.523
"175654","pain","visual","stim","Ctx_MT_L",0.103,0.029,2947.69,3.6,0,-0.03,0.029,2948.02,-1.06,0.29,0.008,0.029,2948.69,0.29,0.77,0.035,0.04,2948.08,0.87,0.383,0.059,0.04,2948.36,1.46,0.144,0.015,0.029,2947.95,0.52,0.604,0.024,0.029,2948.16,0.84,0.4
"175658","vision","visual","stim","Ctx_MT_L",-0.018,0.029,2961.1,-0.63,0.531,-0.015,0.029,2960.67,-0.51,0.607,-0.036,0.029,2961.18,-1.24,0.215,-0.091,0.041,2961.03,-2.22,0.027,-0.039,0.041,2960.89,-0.95,0.344,0.012,0.029,2960.6,0.43,0.666,0.044,0.029,2960.68,1.53,0.126
"181711","pain","visual","stim","Ctx_VMV1_L",0.094,0.029,2948.28,3.2,0.001,-0.04,0.029,2948.69,-1.36,0.175,0.01,0.029,2949.6,0.33,0.74,0.021,0.041,2948.78,0.51,0.612,0.016,0.041,2949.15,0.38,0.703,0.012,0.029,2948.6,0.42,0.673,-0.055,0.029,2948.86,-1.89,0.059
"181715","vision","visual","stim","Ctx_VMV1_L",0.007,0.03,2915.63,0.25,0.806,-0.017,0.031,330.47,-0.55,0.585,0.033,0.03,2914.96,1.09,0.275,-0.026,0.043,2915.2,-0.62,0.537,0.005,0.043,2914.59,0.12,0.903,-0.017,0.03,2916.28,-0.56,0.577,0.014,0.03,2917.31,0.48,0.632
"187768","pain","visual","stim","Ctx_VMV3_L",0.061,0.029,2948.24,2.14,0.033,-0.016,0.029,2948.59,-0.55,0.585,0.016,0.029,2949.28,0.57,0.571,0,0.041,2948.65,0,0.996,0.013,0.04,2948.94,0.31,0.754,0.024,0.029,2948.51,0.83,0.409,-0.031,0.029,2948.72,-1.07,0.286
"187772","vision","visual","stim","Ctx_VMV3_L",0.027,0.028,2962.73,0.98,0.326,-0.027,0.028,2962.46,-0.97,0.33,-0.012,0.028,2962.84,-0.45,0.651,-0.057,0.039,2962.75,-1.45,0.147,-0.033,0.039,2962.61,-0.84,0.403,0.006,0.028,2962.41,0.23,0.819,-0.019,0.028,2962.48,-0.7,0.482
"193825","pain","visual","stim","Ctx_V4t_L",0.05,0.029,2947.29,1.73,0.084,-0.011,0.029,2947.67,-0.38,0.705,0,0.029,2948.46,0.01,0.995,0.047,0.041,2947.74,1.14,0.254,0.02,0.041,2948.07,0.49,0.622,0.027,0.029,2947.59,0.93,0.35,0.016,0.029,2947.82,0.55,0.585
"193829","vision","visual","stim","Ctx_V4t_L",-0.002,0.027,2961.34,-0.07,0.945,-0.022,0.027,2961.11,-0.84,0.398,-0.041,0.027,2961.41,-1.54,0.125,-0.062,0.038,2961.32,-1.64,0.101,-0.056,0.038,2961.21,-1.48,0.138,0.02,0.027,2961.07,0.73,0.463,0.026,0.027,2961.11,0.97,0.334
"199882","pain","visual","stim","Ctx_V3CD_L",0.044,0.029,2906.95,1.51,0.132,-0.031,0.03,296.19,-1.01,0.311,-0.021,0.029,2906.98,-0.71,0.476,0.048,0.041,2906.35,1.17,0.241,0.027,0.041,2907.19,0.65,0.516,0.028,0.029,2914.59,0.97,0.333,-0.018,0.029,2905.86,-0.61,0.543
"199886","vision","visual","stim","Ctx_V3CD_L",0.001,0.026,2960.57,0.06,0.955,-0.015,0.026,2960.3,-0.56,0.575,-0.038,0.026,2960.56,-1.48,0.139,-0.02,0.037,2960.48,-0.54,0.588,-0.035,0.037,2960.38,-0.94,0.346,0.013,0.026,2960.27,0.51,0.609,-0.008,0.026,2960.3,-0.3,0.765
"205939","pain","visual","stim","Ctx_VMV2_L",0.051,0.029,2948.32,1.73,0.084,-0.023,0.029,2948.72,-0.79,0.432,0.026,0.029,2949.58,0.89,0.375,0.01,0.041,2948.81,0.25,0.803,0.009,0.041,2949.16,0.22,0.823,0.03,0.029,2948.63,1.02,0.307,-0.025,0.029,2948.88,-0.84,0.402
"205943","vision","visual","stim","Ctx_VMV2_L",-0.021,0.029,2959.16,-0.73,0.466,-0.026,0.029,2958.67,-0.91,0.36,-0.02,0.029,2959.18,-0.7,0.486,-0.006,0.041,2959,-0.16,0.876,-0.024,0.041,2958.88,-0.58,0.564,-0.011,0.029,2958.6,-0.38,0.702,-0.008,0.029,2958.68,-0.26,0.793
"211996","pain","visual","stim","Ctx_V1_R",0.108,0.029,2908.83,3.77,0,-0.002,0.03,315.7,-0.07,0.943,-0.018,0.029,2908.75,-0.61,0.539,0.045,0.041,2908.26,1.12,0.264,0.016,0.041,2909.11,0.39,0.694,0.017,0.029,2916,0.58,0.559,0,0.029,2907.76,-0.02,0.987
"212000","vision","visual","stim","Ctx_V1_R",0.059,0.029,2946.97,2.04,0.041,-0.017,0.029,2946.41,-0.58,0.563,0.022,0.029,2946.97,0.78,0.438,-0.054,0.041,2946.75,-1.32,0.187,-0.009,0.041,2946.64,-0.23,0.821,0.022,0.029,2946.34,0.75,0.456,-0.032,0.029,2946.43,-1.11,0.269
"218053","pain","visual","stim","Ctx_V2_R",0.121,0.029,2908.99,4.21,0,-0.02,0.03,290.79,-0.68,0.498,-0.015,0.029,2908.92,-0.51,0.609,0.04,0.041,2908.45,1,0.32,0.01,0.041,2909.2,0.26,0.796,0.03,0.029,2915.89,1.04,0.298,-0.004,0.029,2907.93,-0.14,0.89
"218057","vision","visual","stim","Ctx_V2_R",0.054,0.028,2956.55,1.89,0.058,-0.023,0.028,2956.09,-0.8,0.423,0.013,0.028,2956.54,0.46,0.646,-0.072,0.04,2956.4,-1.8,0.072,-0.034,0.04,2956.28,-0.84,0.401,0.015,0.028,2956.03,0.51,0.608,-0.021,0.028,2956.1,-0.74,0.461
"224110","pain","visual","stim","Ctx_V3_R",0.076,0.029,2908.59,2.66,0.008,-0.017,0.031,243.33,-0.54,0.586,-0.033,0.029,2908.56,-1.14,0.256,0.056,0.041,2908.16,1.37,0.171,0.005,0.04,2908.79,0.13,0.897,0.045,0.029,2914.74,1.56,0.12,-0.002,0.029,2907.56,-0.06,0.951
"224114","vision","visual","stim","Ctx_V3_R",0.055,0.027,2961.27,2,0.046,-0.021,0.027,2960.91,-0.77,0.439,0.024,0.027,2961.27,0.87,0.386,-0.102,0.039,2961.16,-2.63,0.009,-0.049,0.039,2961.05,-1.26,0.207,-0.004,0.027,2960.87,-0.13,0.897,-0.018,0.027,2960.92,-0.67,0.505
"230167","pain","visual","stim","Ctx_V4_R",0.05,0.029,2908.88,1.72,0.085,-0.002,0.031,250.36,-0.08,0.936,-0.027,0.029,2908.86,-0.94,0.347,0.032,0.041,2908.42,0.78,0.433,0.01,0.041,2909.06,0.24,0.809,0.038,0.029,2915.25,1.33,0.183,0.007,0.029,2907.86,0.24,0.813
"230171","vision","visual","stim","Ctx_V4_R",0.035,0.027,2953.52,1.3,0.193,-0.023,0.027,2953.23,-0.84,0.402,-0.009,0.027,2953.57,-0.32,0.747,-0.099,0.038,2953.49,-2.58,0.01,-0.061,0.038,2953.36,-1.59,0.111,0.004,0.027,2953.21,0.13,0.894,-0.005,0.027,2953.23,-0.18,0.857
"236224","pain","visual","stim","Ctx_V3A_R",0.061,0.028,2907.43,2.17,0.03,-0.002,0.031,221.36,-0.08,0.937,-0.021,0.028,2907.22,-0.76,0.449,0.003,0.04,2906.89,0.07,0.945,0.005,0.04,2907.45,0.13,0.9,0.047,0.028,2913.82,1.67,0.095,-0.012,0.028,2906.29,-0.43,0.67
"236228","vision","visual","stim","Ctx_V3A_R",0.041,0.027,2958.02,1.54,0.124,-0.014,0.027,2957.73,-0.54,0.59,0.014,0.027,2958.02,0.54,0.59,-0.087,0.038,2957.94,-2.3,0.021,-0.04,0.038,2957.85,-1.05,0.292,0,0.027,2957.71,0.02,0.987,-0.003,0.027,2957.74,-0.11,0.911
"242281","pain","visual","stim","Ctx_V3B_R",0.023,0.029,2948.2,0.79,0.43,-0.049,0.029,2948.54,-1.73,0.084,-0.003,0.029,2949.2,-0.11,0.909,0.01,0.04,2948.6,0.24,0.813,0.027,0.04,2948.88,0.66,0.509,-0.001,0.029,2948.47,-0.02,0.984,-0.002,0.029,2948.67,-0.05,0.958
"242285","vision","visual","stim","Ctx_V3B_R",0.033,0.029,2961.94,1.13,0.26,-0.046,0.029,2961.43,-1.58,0.114,-0.013,0.029,2961.97,-0.44,0.657,-0.046,0.041,2961.78,-1.13,0.26,-0.029,0.041,2961.67,-0.71,0.476,0.04,0.029,2961.36,1.39,0.164,0.012,0.029,2961.44,0.42,0.672
"248338","pain","visual","stim","Ctx_MT_R",0.084,0.029,2938.14,2.9,0.004,-0.021,0.029,2938.52,-0.71,0.479,-0.011,0.029,2939.33,-0.37,0.715,-0.02,0.041,2938.63,-0.49,0.626,-0.007,0.041,2938.95,-0.16,0.87,0.019,0.029,2938.44,0.64,0.519,-0.002,0.029,2938.68,-0.06,0.953
"248342","vision","visual","stim","Ctx_MT_R",-0.003,0.029,2956.98,-0.1,0.922,0.002,0.029,2956.52,0.06,0.954,-0.028,0.029,2957.03,-0.99,0.321,-0.048,0.041,2956.93,-1.17,0.242,-0.021,0.041,2956.79,-0.51,0.608,0.027,0.029,2956.46,0.94,0.349,-0.008,0.029,2956.53,-0.27,0.784
"254395","pain","visual","stim","Ctx_VMV1_R",0.098,0.029,2907.07,3.34,0.001,-0.02,0.031,257.75,-0.64,0.522,0,0.029,2907.36,0,0.998,0.005,0.041,2906.78,0.12,0.907,0.012,0.041,2907.67,0.3,0.764,0.016,0.029,2913.43,0.55,0.583,-0.002,0.029,2906.14,-0.08,0.935
"254399","vision","visual","stim","Ctx_VMV1_R",0.023,0.03,2955.58,0.79,0.432,0.02,0.03,2954.84,0.66,0.51,-0.013,0.03,2955.59,-0.43,0.668,-0.035,0.042,2955.44,-0.82,0.413,-0.012,0.042,2955.22,-0.28,0.78,-0.018,0.03,2954.74,-0.61,0.542,0.005,0.03,2954.9,0.18,0.856
"260452","pain","visual","stim","Ctx_VMV3_R",0.073,0.028,2907.6,2.58,0.01,-0.02,0.029,328.13,-0.69,0.491,0.035,0.028,2907.41,1.22,0.221,-0.019,0.04,2906.95,-0.47,0.637,0.042,0.04,2907.77,1.05,0.295,0.038,0.028,2914.78,1.34,0.181,0.005,0.028,2906.49,0.16,0.87
"260456","vision","visual","stim","Ctx_VMV3_R",0.033,0.028,2910.97,1.16,0.247,-0.014,0.029,319.82,-0.48,0.629,0.016,0.028,2910.07,0.55,0.582,-0.078,0.04,2910.3,-1.93,0.053,-0.046,0.04,2910.47,-1.15,0.249,0,0.028,2912.54,0.02,0.987,-0.014,0.028,2913.01,-0.49,0.624
"266509","pain","visual","stim","Ctx_V4t_R",0.053,0.031,249.52,1.69,0.092,-0.016,0.031,279.04,-0.51,0.613,-0.013,0.03,2857.14,-0.45,0.653,0,0.042,2855.72,0.01,0.995,0.056,0.042,2856.39,1.36,0.175,0.027,0.029,2863.93,0.9,0.366,0.013,0.029,2855.36,0.43,0.67
"266513","vision","visual","stim","Ctx_V4t_R",0.001,0.029,2952.87,0.04,0.968,0.008,0.029,2952.42,0.26,0.792,-0.021,0.029,2952.88,-0.73,0.466,-0.062,0.04,2952.7,-1.52,0.128,-0.042,0.04,2952.62,-1.05,0.293,0.048,0.029,2952.38,1.67,0.095,0.002,0.029,2952.4,0.05,0.957
"272566","pain","visual","stim","Ctx_V3CD_R",0.015,0.029,2907.76,0.52,0.6,-0.022,0.031,248.61,-0.72,0.472,0.006,0.029,2907.74,0.19,0.846,0.002,0.041,2907.29,0.06,0.956,0.014,0.041,2907.98,0.33,0.74,0.039,0.029,2914.3,1.36,0.174,0.012,0.029,2906.7,0.4,0.687
"272570","vision","visual","stim","Ctx_V3CD_R",0.032,0.026,2946.23,1.23,0.219,-0.022,0.026,2945.96,-0.85,0.393,-0.046,0.026,2946.21,-1.76,0.079,-0.064,0.037,2946.22,-1.74,0.083,-0.052,0.037,2946.07,-1.41,0.16,0.031,0.026,2945.96,1.19,0.234,0.021,0.026,2945.96,0.81,0.416
"278623","pain","visual","stim","Ctx_VMV2_R",0.063,0.029,2909.01,2.18,0.029,-0.026,0.029,356.45,-0.88,0.378,0.032,0.029,2908.97,1.1,0.271,-0.015,0.041,2908.4,-0.36,0.716,0.032,0.041,2909.36,0.79,0.428,0,0.029,2916.77,0,0.999,-0.013,0.029,2907.95,-0.46,0.645
"278627","vision","visual","stim","Ctx_VMV2_R",0.018,0.03,234.83,0.58,0.564,-0.005,0.03,266.14,-0.18,0.857,0.013,0.029,2875.07,0.45,0.65,-0.068,0.04,2874.72,-1.68,0.094,-0.039,0.04,2880.48,-0.96,0.339,-0.026,0.029,2875.68,-0.91,0.362,-0.005,0.029,2877.07,-0.16,0.874
"284680","pain","visual","stim","Thal_Lateral_Geniculate_Nucleus_L",0.059,0.031,665.82,1.89,0.059,-0.006,0.032,246.98,-0.18,0.858,-0.023,0.03,2908.7,-0.77,0.441,-0.043,0.043,2907.65,-1.02,0.309,-0.012,0.042,2908.71,-0.28,0.779,0,0.03,2914.56,0.01,0.988,0.02,0.03,2906.86,0.68,0.497
"284684","vision","visual","stim","Thal_Lateral_Geniculate_Nucleus_L",-0.03,0.031,2963.74,-0.97,0.332,0.01,0.031,2962.79,0.34,0.736,0.011,0.031,2963.8,0.37,0.712,0.027,0.044,2963.32,0.63,0.531,-0.005,0.043,2963.66,-0.12,0.902,0.025,0.031,2962.66,0.81,0.418,-0.023,0.031,2962.81,-0.75,0.456
"290737","pain","visual","stim","Thal_Lateral_Geniculate_Nucleus_R",0.098,0.03,2948.62,3.25,0.001,0.009,0.03,2949.14,0.28,0.776,0.008,0.03,2950.51,0.27,0.789,-0.052,0.042,2949.32,-1.22,0.224,-0.016,0.042,2949.84,-0.37,0.713,-0.032,0.03,2949.01,-1.07,0.286,-0.028,0.03,2949.38,-0.94,0.349
"290741","vision","visual","stim","Thal_Lateral_Geniculate_Nucleus_R",0.024,0.031,2926.39,0.78,0.438,0.013,0.031,308.47,0.41,0.683,0.012,0.031,2926.08,0.4,0.687,0.009,0.043,2925.95,0.21,0.837,0.01,0.043,2925.75,0.23,0.819,0.012,0.031,2927.36,0.38,0.702,-0.014,0.031,2927.13,-0.46,0.646
"296794","pain","neuromarker","cue","nps",0.015,0.029,2880.09,0.5,0.614,0.088,0.031,268.48,2.86,0.005,0.029,0.029,2881.32,0.97,0.333,-0.023,0.042,2879.82,-0.56,0.575,-0.031,0.041,2880.77,-0.75,0.453,-0.007,0.029,2890.52,-0.22,0.823,-0.019,0.029,2879.5,-0.66,0.512
"296798","vision","neuromarker","cue","nps",-0.03,0.03,2954.22,-1,0.318,-0.002,0.03,2953.63,-0.06,0.95,0.014,0.03,2955.17,0.46,0.643,-0.083,0.042,2954.58,-1.96,0.05,0.008,0.042,2954.45,0.2,0.844,0.02,0.03,2953.52,0.69,0.493,-0.01,0.03,2953.64,-0.35,0.729
"302851","pain","neuromarker","cue","siips",-0.059,0.029,2917.07,-2.02,0.043,0.033,0.029,2917.46,1.11,0.266,0.041,0.029,2918.97,1.39,0.165,-0.005,0.042,2917.99,-0.12,0.907,-0.003,0.041,2918.32,-0.08,0.934,0.017,0.029,2917.38,0.59,0.552,0.035,0.029,2917.63,1.18,0.24
"302855","vision","neuromarker","cue","siips",-0.04,0.031,2939.38,-1.3,0.194,0.06,0.031,2938.68,1.96,0.05,-0.038,0.031,2940.93,-1.23,0.22,-0.002,0.044,2940.02,-0.06,0.955,0.062,0.043,2939.99,1.43,0.154,0.033,0.031,2938.49,1.06,0.289,-0.038,0.031,2938.91,-1.25,0.212
"308908","pain","pain","cue","Thal_VPLM_R",-0.016,0.03,2939.07,-0.52,0.604,0.024,0.03,2939.58,0.8,0.426,-0.015,0.03,2940.96,-0.5,0.618,0.053,0.043,2939.7,1.24,0.215,-0.066,0.042,2940.27,-1.56,0.119,-0.022,0.03,2939.45,-0.71,0.475,0.009,0.03,2939.83,0.29,0.774
"308912","vision","pain","cue","Thal_VPLM_R",-0.045,0.031,2957.52,-1.45,0.146,-0.051,0.031,2957.02,-1.66,0.098,0.061,0.031,2957.92,2,0.046,0.034,0.044,2957.48,0.78,0.436,-0.012,0.043,2957.67,-0.27,0.788,0.024,0.031,2956.8,0.78,0.438,-0.046,0.031,2956.94,-1.5,0.134
"314965","pain","pain","cue","Thal_VPLM_L",-0.002,0.03,2898.45,-0.08,0.938,0.06,0.03,317.54,1.95,0.052,0.033,0.03,2898.59,1.12,0.264,-0.005,0.042,2897.63,-0.11,0.911,0.011,0.042,2898.65,0.27,0.786,0.026,0.03,2906.29,0.86,0.389,-0.017,0.03,2897.22,-0.56,0.576
"314969","vision","pain","cue","Thal_VPLM_L",-0.038,0.03,2964.39,-1.27,0.205,-0.014,0.03,2963.58,-0.47,0.639,0.063,0.03,2964.48,2.07,0.038,0.018,0.043,2964.06,0.42,0.675,0.018,0.043,2964.03,0.42,0.678,-0.003,0.03,2963.36,-0.09,0.931,-0.022,0.03,2963.6,-0.72,0.472
"321022","pain","pain","cue","Thal_MD",-0.026,0.03,1932.06,-0.87,0.386,0.031,0.03,289.27,1.02,0.309,-0.005,0.029,2886.39,-0.18,0.854,0.009,0.041,2885.12,0.23,0.822,-0.067,0.041,2886.49,-1.63,0.104,-0.02,0.029,2893.6,-0.68,0.497,0.005,0.029,2884.87,0.17,0.861
"321026","vision","pain","cue","Thal_MD",0.009,0.03,2958.37,0.3,0.768,0.003,0.03,2957.68,0.11,0.912,0.031,0.03,2958.51,1.03,0.304,0.012,0.043,2958.12,0.28,0.78,-0.03,0.043,2958.07,-0.71,0.479,0.002,0.03,2957.54,0.05,0.959,0.02,0.03,2957.7,0.67,0.5
"327079","pain","pain","cue","Bstem_PAG",0.041,0.031,2932.78,1.33,0.185,0.06,0.031,2933.42,1.97,0.049,0.057,0.031,2935.27,1.86,0.063,-0.042,0.043,2933.6,-0.97,0.33,-0.087,0.043,2934.52,-2.03,0.043,-0.046,0.031,2933.21,-1.52,0.13,0.01,0.031,2933.7,0.32,0.748
"327083","vision","pain","cue","Bstem_PAG",0.011,0.031,2962.69,0.37,0.714,-0.031,0.031,2961.31,-1.01,0.312,0.036,0.031,2962.57,1.16,0.246,-0.008,0.044,2961.65,-0.17,0.862,0.011,0.044,2962.35,0.24,0.811,0.01,0.031,2960.97,0.31,0.76,0.006,0.031,2961.34,0.18,0.858
"333136","pain","pain","cue","dpIns_L",0.017,0.029,2880.89,0.58,0.559,0.063,0.03,256.15,2.08,0.039,0.003,0.029,2882.27,0.09,0.931,-0.005,0.041,2880.34,-0.13,0.897,0.015,0.041,2881.64,0.36,0.719,-0.012,0.029,2888.12,-0.4,0.689,-0.014,0.029,2879.67,-0.49,0.624
"333140","vision","pain","cue","dpIns_L",-0.034,0.03,2954.45,-1.12,0.263,-0.012,0.03,2953.62,-0.39,0.697,0.04,0.03,2954.48,1.33,0.183,-0.001,0.043,2954.13,-0.02,0.986,0.03,0.043,2954.13,0.71,0.478,0.002,0.03,2953.48,0.06,0.956,0.012,0.03,2953.64,0.41,0.684
"339193","pain","pain","cue","dpIns_R",0.027,0.029,2879.85,0.91,0.365,0.067,0.031,267.78,2.18,0.03,0.018,0.029,2880.19,0.62,0.535,0.035,0.041,2878.64,0.84,0.398,0.011,0.041,2879.96,0.28,0.781,0.002,0.029,2887.03,0.07,0.941,0.006,0.029,2878.52,0.22,0.828
"339197","vision","pain","cue","dpIns_R",-0.051,0.031,2955.67,-1.66,0.098,-0.037,0.031,2954.6,-1.2,0.231,0.045,0.031,2955.52,1.48,0.14,-0.023,0.043,2955.09,-0.54,0.588,0.04,0.043,2955.19,0.93,0.354,0.013,0.031,2954.37,0.43,0.67,-0.007,0.031,2954.56,-0.23,0.816
"345250","pain","pain","cue","aIns_L",0.013,0.029,2884.67,0.46,0.643,0.085,0.033,182.93,2.59,0.01,-0.02,0.029,2885.24,-0.68,0.494,-0.031,0.041,2884.32,-0.75,0.455,-0.032,0.041,2885.12,-0.79,0.429,-0.025,0.029,2890.42,-0.85,0.394,0,0.029,2883.68,0.01,0.988
"345254","vision","pain","cue","aIns_L",-0.003,0.031,1916.37,-0.11,0.913,-0.055,0.032,268.97,-1.73,0.084,0.029,0.03,2905.95,0.96,0.337,0.011,0.043,2906.15,0.26,0.793,-0.01,0.043,2905.73,-0.22,0.823,-0.008,0.03,2906.86,-0.27,0.785,0.022,0.03,2908.03,0.71,0.476
"351307","pain","pain","cue","aIns_R",-0.01,0.029,2885.98,-0.35,0.728,0.071,0.031,229.19,2.29,0.023,-0.003,0.029,2886.35,-0.11,0.916,-0.052,0.041,2885.35,-1.27,0.204,-0.067,0.041,2886.3,-1.65,0.098,-0.047,0.029,2892.69,-1.64,0.102,-0.035,0.029,2884.81,-1.23,0.22
"351311","vision","pain","cue","aIns_R",0.027,0.03,2917.73,0.89,0.372,-0.06,0.032,254.22,-1.87,0.062,0.042,0.03,2917.32,1.38,0.168,-0.007,0.043,2917.12,-0.16,0.876,0.004,0.043,2917.35,0.08,0.935,0.001,0.03,2918.49,0.02,0.981,0.013,0.03,2918.69,0.42,0.672
"357364","pain","pain","cue","aMCC_MPFC",-0.005,0.029,2885.72,-0.18,0.858,0.078,0.029,304.46,2.68,0.008,0.024,0.029,2885.92,0.83,0.409,-0.035,0.04,2884.91,-0.86,0.39,-0.066,0.04,2886.25,-1.65,0.099,-0.011,0.029,2894.1,-0.38,0.701,-0.037,0.029,2884.38,-1.28,0.2
"357368","vision","pain","cue","aMCC_MPFC",-0.013,0.03,2951.25,-0.42,0.678,-0.044,0.03,2950.52,-1.46,0.144,0.027,0.03,2951.38,0.89,0.372,0.023,0.043,2951.04,0.53,0.599,0.026,0.043,2951.06,0.62,0.538,-0.005,0.03,2950.32,-0.18,0.856,0.001,0.03,2950.48,0.04,0.967
"363421","pain","pain","cue","s1_handplus_L",0.029,0.029,2931.83,1.01,0.314,0.041,0.029,2932.17,1.42,0.155,0.031,0.029,2932.87,1.08,0.281,0.008,0.041,2932.2,0.2,0.838,-0.003,0.041,2932.49,-0.06,0.949,0,0.029,2932.15,-0.01,0.99,-0.002,0.029,2932.31,-0.09,0.932
"363425","vision","pain","cue","s1_handplus_L",-0.02,0.03,2959.8,-0.67,0.502,-0.017,0.03,2959.21,-0.57,0.572,0.052,0.03,2960.03,1.72,0.086,0.009,0.043,2959.54,0.2,0.838,-0.004,0.043,2959.6,-0.09,0.931,-0.023,0.03,2958.9,-0.75,0.455,-0.039,0.03,2958.95,-1.3,0.193
"369478","pain","pain","cue","s1_handplus_R",0.036,0.029,2932.74,1.24,0.216,0.042,0.029,2933.14,1.43,0.152,-0.001,0.029,2933.91,-0.05,0.964,0.004,0.041,2933.16,0.09,0.93,0.015,0.041,2933.5,0.36,0.716,0.028,0.029,2933.11,0.98,0.33,-0.022,0.029,2933.26,-0.74,0.46
"369482","vision","pain","cue","s1_handplus_R",-0.034,0.03,2955.88,-1.11,0.265,-0.006,0.03,2955.1,-0.21,0.833,0.045,0.03,2956.23,1.49,0.136,-0.046,0.043,2955.65,-1.06,0.288,-0.031,0.043,2955.61,-0.72,0.472,-0.014,0.03,2954.92,-0.48,0.634,-0.007,0.03,2954.97,-0.22,0.827
"375535","pain","higher_level","cue","Ctx_IPS1_L",0.02,0.031,244.72,0.64,0.523,0.005,0.031,222.63,0.15,0.877,0.04,0.029,2851.85,1.4,0.16,-0.022,0.04,2850.73,-0.55,0.582,-0.025,0.04,2851.39,-0.61,0.544,-0.008,0.029,2859.11,-0.27,0.784,-0.011,0.029,2850.8,-0.38,0.708
"375539","vision","higher_level","cue","Ctx_IPS1_L",0.007,0.03,2962.65,0.24,0.808,-0.063,0.03,2962,-2.12,0.034,0.042,0.03,2962.78,1.39,0.163,0.041,0.042,2962.68,0.97,0.334,0.008,0.042,2962.44,0.19,0.851,-0.041,0.03,2961.98,-1.36,0.174,0.011,0.03,2962.12,0.36,0.718
"381592","pain","higher_level","cue","Ctx_11l_L",-0.029,0.032,256.36,-0.91,0.364,-0.024,0.031,280.51,-0.78,0.434,-0.026,0.03,2849.02,-0.86,0.392,-0.01,0.043,2846.62,-0.23,0.818,-0.007,0.043,2848.23,-0.15,0.877,-0.008,0.03,2856.37,-0.26,0.797,-0.013,0.03,2846.52,-0.43,0.669
"381596","vision","higher_level","cue","Ctx_11l_L",-0.019,0.03,2944.46,-0.64,0.524,-0.038,0.03,2943.63,-1.26,0.208,0.018,0.03,2944.42,0.61,0.542,-0.068,0.043,2944.2,-1.57,0.117,-0.058,0.043,2944.05,-1.34,0.18,-0.037,0.03,2943.78,-1.22,0.224,0.024,0.03,2943.72,0.81,0.419
"387649","pain","higher_level","cue","Ctx_IPS1_R",0.019,0.03,290.09,0.63,0.529,0.031,0.031,222.13,0.99,0.322,0.044,0.029,2857.58,1.54,0.124,0.054,0.04,2856.67,1.35,0.177,-0.007,0.04,2857.52,-0.17,0.864,-0.026,0.029,2864.89,-0.91,0.362,-0.006,0.029,2856.49,-0.2,0.838
"387653","vision","higher_level","cue","Ctx_IPS1_R",-0.038,0.03,2960.66,-1.26,0.207,-0.096,0.03,2959.9,-3.22,0.001,0.043,0.03,2960.68,1.45,0.147,0.117,0.043,2960.31,2.75,0.006,0.01,0.042,2960.29,0.25,0.805,-0.018,0.03,2959.78,-0.61,0.542,-0.025,0.03,2959.92,-0.84,0.403
"393706","pain","higher_level","cue","Ctx_p9_46v_R",-0.026,0.03,294.44,-0.87,0.386,0.032,0.031,269.25,1.04,0.298,-0.023,0.029,2853.54,-0.78,0.434,-0.031,0.041,2851.72,-0.76,0.449,-0.057,0.041,2852.81,-1.37,0.17,-0.044,0.029,2859.82,-1.52,0.13,-0.006,0.029,2851.82,-0.21,0.831
"393710","vision","higher_level","cue","Ctx_p9_46v_R",0.035,0.031,2961.87,1.14,0.256,-0.04,0.031,2960.93,-1.33,0.185,0.006,0.031,2961.94,0.2,0.843,0.005,0.043,2961.51,0.13,0.9,-0.002,0.043,2961.55,-0.04,0.969,0.014,0.031,2960.83,0.46,0.647,0.021,0.031,2961.09,0.7,0.485
"399763","pain","higher_level","cue","Ctx_11l_R",-0.025,0.034,182.66,-0.73,0.464,0.033,0.031,325.04,1.08,0.281,-0.009,0.03,2845.67,-0.31,0.757,0.018,0.042,2843.73,0.42,0.678,-0.059,0.042,2845.12,-1.38,0.167,-0.027,0.03,2853.35,-0.91,0.361,-0.019,0.03,2844.55,-0.63,0.53
"399767","vision","higher_level","cue","Ctx_11l_R",-0.004,0.03,2946.17,-0.15,0.883,-0.039,0.03,2945.35,-1.28,0.199,0.039,0.03,2946.19,1.27,0.203,-0.039,0.043,2945.97,-0.91,0.364,-0.038,0.043,2945.78,-0.89,0.374,0.007,0.03,2945.55,0.22,0.828,-0.001,0.03,2945.44,-0.02,0.986
"405820","pain","higher_level","cue","NAc_shell_like_R",0.038,0.031,2934.06,1.21,0.225,0.001,0.031,2934.78,0.02,0.984,0.05,0.031,2937.74,1.6,0.109,-0.035,0.044,2935.1,-0.81,0.42,-0.005,0.044,2936.11,-0.11,0.909,0.004,0.031,2934.54,0.14,0.885,-0.015,0.031,2935.24,-0.48,0.63
"405824","vision","higher_level","cue","NAc_shell_like_R",0.01,0.034,217.61,0.31,0.757,-0.01,0.031,316.27,-0.32,0.751,0.05,0.031,2872.48,1.6,0.11,-0.044,0.044,2871.52,-1.01,0.313,-0.104,0.044,2875.26,-2.37,0.018,0.014,0.031,2872.21,0.46,0.645,-0.002,0.031,2874.76,-0.08,0.938
"411877","pain","higher_level","cue","NAc_core_like_R",-0.017,0.03,2939.82,-0.57,0.571,0.03,0.03,2940.33,1,0.315,0.039,0.03,2941.66,1.29,0.195,-0.08,0.043,2940.42,-1.87,0.061,-0.099,0.042,2940.93,-2.33,0.02,-0.005,0.03,2940.21,-0.15,0.879,-0.018,0.03,2940.56,-0.61,0.542
"411881","vision","higher_level","cue","NAc_core_like_R",-0.032,0.031,2924.68,-1.04,0.3,0.005,0.031,366.47,0.17,0.865,0.052,0.031,2923.5,1.69,0.091,-0.08,0.044,2923.37,-1.84,0.066,-0.125,0.044,2923.27,-2.86,0.004,0.013,0.031,2925.3,0.41,0.683,-0.011,0.031,2925.88,-0.37,0.715
"417934","pain","higher_level","cue","NAc_shell_like_L",0.009,0.031,2930.38,0.28,0.782,0.032,0.031,2931,1.03,0.303,-0.02,0.031,2934.47,-0.65,0.515,-0.066,0.044,2931.45,-1.5,0.134,-0.055,0.044,2932.37,-1.25,0.21,-0.031,0.031,2930.94,-0.99,0.321,-0.07,0.031,2931.64,-2.24,0.025
"417938","vision","higher_level","cue","NAc_shell_like_L",-0.023,0.031,2917.6,-0.75,0.454,0.022,0.031,347.53,0.69,0.493,0.028,0.031,2916.77,0.89,0.372,-0.019,0.044,2916.26,-0.44,0.66,-0.058,0.044,2916.4,-1.32,0.188,-0.017,0.031,2917.17,-0.54,0.586,-0.026,0.031,2919.03,-0.85,0.394
"423991","pain","higher_level","cue","NAc_core_like_L",-0.048,0.031,2932.5,-1.58,0.113,0.001,0.031,2933.22,0.02,0.986,0.026,0.031,2935.23,0.85,0.393,-0.045,0.043,2933.39,-1.05,0.292,-0.085,0.043,2933.97,-1.97,0.049,0.009,0.031,2933.06,0.29,0.773,-0.004,0.031,2933.41,-0.12,0.908
"423995","vision","higher_level","cue","NAc_core_like_L",0.022,0.031,2920.25,0.73,0.467,0.027,0.033,230.55,0.83,0.41,0.074,0.031,2919.67,2.39,0.017,-0.074,0.044,2919.02,-1.71,0.088,-0.068,0.044,2919.09,-1.56,0.119,-0.024,0.031,2920.5,-0.77,0.444,-0.024,0.031,2921.21,-0.79,0.427
"430048","pain","higher_level","cue","Ctx_8C_L_and_Ctx_46_L",-0.006,0.028,2887.01,-0.23,0.822,0.048,0.03,254.47,1.58,0.116,-0.006,0.028,2887.22,-0.22,0.827,-0.007,0.04,2886.17,-0.18,0.856,-0.065,0.04,2887.12,-1.63,0.104,-0.039,0.028,2893.55,-1.36,0.172,-0.01,0.028,2885.85,-0.36,0.723
"430052","vision","higher_level","cue","Ctx_8C_L_and_Ctx_46_L",0.033,0.03,2952.05,1.08,0.28,-0.06,0.03,2951.22,-2,0.046,0.013,0.03,2952.06,0.44,0.663,0.012,0.043,2951.65,0.28,0.778,-0.032,0.043,2951.71,-0.75,0.451,-0.053,0.03,2951.08,-1.75,0.081,0.038,0.03,2951.24,1.25,0.212
"436105","pain","visual","cue","Ctx_V1_L",0.005,0.029,2897.79,0.19,0.852,0.002,0.03,301.16,0.08,0.935,0.039,0.029,2897.4,1.35,0.177,-0.003,0.041,2896.92,-0.07,0.942,0.009,0.041,2897.77,0.22,0.825,0.014,0.029,2904.9,0.47,0.636,-0.009,0.029,2896.43,-0.33,0.742
"436109","vision","visual","cue","Ctx_V1_L",0.006,0.03,2958.69,0.21,0.835,-0.057,0.03,2957.93,-1.9,0.058,0.036,0.03,2958.72,1.2,0.232,-0.008,0.042,2958.53,-0.19,0.853,-0.054,0.042,2958.29,-1.27,0.203,-0.026,0.03,2957.82,-0.87,0.386,0.02,0.03,2957.98,0.67,0.502
"442162","pain","visual","cue","Ctx_V2_L",0.001,0.029,2942.1,0.05,0.963,-0.012,0.029,2942.5,-0.39,0.694,0.037,0.029,2943.43,1.26,0.209,0,0.041,2942.58,0,0.996,-0.012,0.041,2942.95,-0.28,0.78,0.028,0.029,2942.41,0.97,0.332,-0.01,0.029,2942.7,-0.34,0.731
"442166","vision","visual","cue","Ctx_V2_L",-0.005,0.03,2961.37,-0.16,0.877,-0.039,0.03,2960.6,-1.3,0.195,0.037,0.03,2961.44,1.24,0.216,-0.011,0.043,2961.17,-0.26,0.795,-0.061,0.042,2961.06,-1.45,0.148,-0.047,0.03,2960.53,-1.58,0.115,0.021,0.03,2960.63,0.71,0.478
"448219","pain","visual","cue","Ctx_V3_L",-0.019,0.029,2941.88,-0.65,0.513,-0.011,0.029,2942.26,-0.39,0.695,0.029,0.029,2943.08,1,0.317,0.006,0.041,2942.33,0.16,0.877,-0.002,0.041,2942.69,-0.04,0.969,-0.007,0.029,2942.19,-0.25,0.801,-0.022,0.029,2942.43,-0.76,0.45
"448223","vision","visual","cue","Ctx_V3_L",0.013,0.03,2961.55,0.43,0.666,-0.043,0.03,2960.86,-1.44,0.151,0.035,0.03,2961.67,1.17,0.244,-0.007,0.043,2961.29,-0.16,0.871,-0.055,0.043,2961.27,-1.3,0.195,-0.059,0.03,2960.68,-1.95,0.052,0.008,0.03,2960.82,0.28,0.78
"454276","pain","visual","cue","Ctx_V4_L",0.005,0.03,2937.47,0.16,0.872,-0.019,0.03,2937.88,-0.63,0.532,0.047,0.03,2939.05,1.56,0.12,0.001,0.042,2938.01,0.03,0.979,-0.014,0.042,2938.44,-0.34,0.736,-0.005,0.03,2937.78,-0.17,0.867,-0.011,0.03,2938.09,-0.37,0.71
"454280","vision","visual","cue","Ctx_V4_L",0.022,0.03,2963.71,0.71,0.475,-0.066,0.03,2963.01,-2.19,0.028,0.035,0.03,2963.92,1.16,0.247,0.017,0.043,2963.51,0.41,0.684,-0.046,0.043,2963.47,-1.09,0.277,-0.035,0.03,2962.83,-1.17,0.243,0.001,0.03,2962.87,0.03,0.977
"460333","pain","visual","cue","Ctx_V3A_L",0.002,0.029,2891.67,0.07,0.946,-0.009,0.031,228.5,-0.28,0.781,0.053,0.03,2891.56,1.8,0.073,0.032,0.042,2890.94,0.76,0.448,0.042,0.042,2891.94,1,0.318,0.014,0.03,2898.68,0.46,0.643,0.009,0.029,2890.31,0.29,0.769
"460337","vision","visual","cue","Ctx_V3A_L",-0.006,0.03,2957.02,-0.21,0.837,-0.052,0.03,2956.43,-1.76,0.079,0.028,0.03,2957.06,0.95,0.343,-0.036,0.042,2956.82,-0.87,0.385,-0.053,0.042,2956.7,-1.28,0.201,-0.049,0.03,2956.4,-1.64,0.101,0.013,0.03,2956.43,0.45,0.651
"466390","pain","visual","cue","Ctx_V3B_L",0.015,0.029,2936.14,0.51,0.607,-0.024,0.029,2936.49,-0.82,0.414,0.021,0.029,2937.19,0.74,0.462,0.018,0.041,2936.54,0.44,0.659,0.002,0.041,2936.83,0.04,0.964,-0.007,0.029,2936.46,-0.23,0.816,-0.01,0.029,2936.62,-0.36,0.721
"466394","vision","visual","cue","Ctx_V3B_L",0.008,0.029,2956.33,0.27,0.786,-0.082,0.029,2955.68,-2.8,0.005,0.029,0.029,2956.3,0.98,0.325,0.056,0.042,2956.04,1.34,0.179,-0.012,0.042,2956.03,-0.29,0.771,-0.018,0.029,2955.59,-0.62,0.532,-0.003,0.029,2955.66,-0.1,0.919
"472447","pain","visual","cue","Ctx_MT_L",-0.002,0.028,2898.65,-0.08,0.939,-0.021,0.03,270.28,-0.71,0.475,0,0.028,2897.98,0,0.998,-0.028,0.04,2897.52,-0.69,0.492,0.013,0.04,2898.34,0.31,0.755,-0.002,0.028,2905.44,-0.07,0.942,-0.009,0.028,2897.02,-0.3,0.764
"472451","vision","visual","cue","Ctx_MT_L",-0.04,0.03,2957.37,-1.36,0.175,-0.104,0.03,2956.75,-3.48,0.001,0.022,0.03,2957.48,0.74,0.458,0.007,0.042,2957.24,0.16,0.877,0.053,0.042,2957.17,1.26,0.209,-0.008,0.03,2956.64,-0.28,0.778,-0.002,0.03,2956.77,-0.07,0.948
"478504","pain","visual","cue","Ctx_VMV1_L",-0.028,0.03,2897.36,-0.96,0.339,0.042,0.03,341.14,1.4,0.162,-0.001,0.03,2897.66,-0.05,0.961,-0.045,0.042,2896.68,-1.08,0.281,-0.015,0.042,2897.91,-0.35,0.726,0.022,0.03,2905.33,0.74,0.46,0.002,0.03,2896.35,0.06,0.956
"478508","vision","visual","cue","Ctx_VMV1_L",0.021,0.03,2916.01,0.69,0.489,-0.036,0.031,319.74,-1.17,0.243,0.023,0.03,2916.56,0.76,0.445,-0.05,0.043,2916.39,-1.17,0.241,-0.037,0.043,2916.17,-0.88,0.381,-0.018,0.03,2918.76,-0.58,0.559,0.003,0.03,2917.62,0.09,0.928
"484561","pain","visual","cue","Ctx_VMV3_L",0.033,0.03,2933.82,1.11,0.267,-0.005,0.03,2934.25,-0.15,0.879,0.029,0.03,2935.17,0.97,0.331,0.006,0.042,2934.32,0.16,0.877,0.026,0.042,2934.8,0.62,0.535,-0.009,0.03,2934.22,-0.32,0.749,-0.005,0.03,2934.44,-0.17,0.861
"484565","vision","visual","cue","Ctx_VMV3_L",0.041,0.03,2959.44,1.4,0.162,-0.071,0.03,2958.85,-2.39,0.017,0.022,0.03,2959.73,0.74,0.46,0.052,0.042,2959.39,1.25,0.211,-0.019,0.042,2959.33,-0.44,0.657,-0.041,0.03,2958.79,-1.39,0.165,0,0.03,2958.78,-0.01,0.993
"490618","pain","visual","cue","Ctx_V4t_L",0.011,0.029,2897.74,0.39,0.696,-0.021,0.031,250.34,-0.68,0.495,0.048,0.029,2897.45,1.65,0.1,-0.004,0.041,2897.15,-0.09,0.925,0.008,0.041,2898.36,0.2,0.84,-0.012,0.029,2903.98,-0.41,0.681,0.021,0.029,2896.66,0.72,0.474
"490622","vision","visual","cue","Ctx_V4t_L",0.009,0.029,2960.29,0.32,0.752,-0.099,0.029,2959.75,-3.37,0.001,0.058,0.029,2960.35,1.96,0.05,0.015,0.042,2960.16,0.36,0.722,0.039,0.042,2960.02,0.92,0.356,-0.037,0.029,2959.66,-1.26,0.21,-0.005,0.029,2959.73,-0.18,0.854
"496675","pain","visual","cue","Ctx_V3CD_L",0.003,0.03,2895.58,0.09,0.928,-0.014,0.031,299.58,-0.47,0.636,0.023,0.03,2896.14,0.79,0.432,0.013,0.042,2895.08,0.32,0.748,-0.007,0.042,2896.57,-0.17,0.862,0.01,0.03,2903.22,0.34,0.734,-0.028,0.03,2894.8,-0.94,0.348
"496679","vision","visual","cue","Ctx_V3CD_L",0.016,0.029,2963,0.53,0.596,-0.029,0.029,2962.43,-0.98,0.329,0.049,0.029,2963.09,1.67,0.096,0.053,0.042,2962.82,1.28,0.201,-0.015,0.041,2962.71,-0.35,0.723,-0.04,0.029,2962.34,-1.38,0.169,-0.006,0.029,2962.37,-0.19,0.85
"502732","pain","visual","cue","Ctx_VMV2_L",0,0.03,2934.82,0.01,0.99,-0.009,0.03,2935.28,-0.29,0.772,0.036,0.03,2936.4,1.22,0.223,-0.004,0.042,2935.37,-0.1,0.921,0.018,0.042,2935.78,0.42,0.675,0.014,0.03,2935.24,0.46,0.648,0.005,0.03,2935.46,0.18,0.86
"502736","vision","visual","cue","Ctx_VMV2_L",0.024,0.03,2954.37,0.8,0.424,-0.088,0.03,2953.83,-2.97,0.003,0.008,0.03,2954.64,0.26,0.795,0.022,0.042,2954.29,0.53,0.597,0.001,0.042,2954.31,0.03,0.978,-0.056,0.03,2953.67,-1.89,0.059,0.043,0.03,2953.7,1.44,0.15
"508789","pain","visual","cue","Ctx_V1_R",0.008,0.029,2932.96,0.26,0.792,-0.006,0.029,2933.35,-0.2,0.844,0.035,0.029,2934.21,1.18,0.238,-0.016,0.041,2933.4,-0.4,0.69,-0.031,0.041,2933.79,-0.75,0.452,-0.007,0.029,2933.26,-0.24,0.807,-0.012,0.029,2933.51,-0.42,0.677
"508793","vision","visual","cue","Ctx_V1_R",-0.006,0.03,2957.9,-0.19,0.85,-0.037,0.03,2957.06,-1.24,0.215,0.042,0.03,2957.81,1.39,0.165,-0.056,0.043,2957.44,-1.3,0.195,-0.066,0.043,2957.47,-1.54,0.125,-0.022,0.03,2956.92,-0.72,0.473,0,0.03,2957.08,0.01,0.99
"514846","pain","visual","cue","Ctx_V2_R",0.008,0.029,2939.2,0.27,0.79,-0.004,0.029,2939.59,-0.14,0.886,0.034,0.029,2940.39,1.15,0.249,0,0.041,2939.63,0,0.999,0.014,0.041,2940.01,0.35,0.729,0.009,0.029,2939.5,0.31,0.758,-0.028,0.029,2939.74,-0.96,0.336
"514850","vision","visual","cue","Ctx_V2_R",0.004,0.03,2961.83,0.14,0.892,-0.044,0.03,2961.02,-1.48,0.14,0.054,0.03,2961.83,1.79,0.074,-0.044,0.043,2961.43,-1.03,0.305,-0.067,0.043,2961.44,-1.56,0.118,-0.042,0.03,2960.88,-1.4,0.161,0,0.03,2961.03,0.01,0.99
"520903","pain","visual","cue","Ctx_V3_R",-0.005,0.029,2936.44,-0.16,0.873,0.006,0.029,2936.8,0.21,0.83,0.046,0.029,2937.6,1.59,0.112,-0.008,0.041,2936.87,-0.19,0.847,-0.013,0.041,2937.2,-0.32,0.746,-0.001,0.029,2936.75,-0.05,0.96,-0.024,0.029,2936.95,-0.84,0.4
"520907","vision","visual","cue","Ctx_V3_R",0.009,0.03,2961.25,0.31,0.76,-0.043,0.03,2960.37,-1.43,0.152,0.058,0.03,2961.14,1.92,0.055,-0.021,0.043,2960.77,-0.49,0.621,-0.054,0.043,2960.81,-1.27,0.204,-0.053,0.03,2960.23,-1.76,0.078,-0.008,0.03,2960.38,-0.26,0.798
"526960","pain","visual","cue","Ctx_V4_R",0.024,0.029,2925.22,0.82,0.413,-0.012,0.029,2925.6,-0.42,0.677,0.025,0.029,2926.36,0.86,0.391,0.007,0.041,2925.63,0.17,0.868,-0.052,0.041,2925.97,-1.27,0.203,-0.002,0.029,2925.52,-0.07,0.945,-0.031,0.029,2925.72,-1.06,0.291
"526964","vision","visual","cue","Ctx_V4_R",0.012,0.03,2952.95,0.4,0.688,-0.068,0.03,2952.02,-2.24,0.025,0.07,0.03,2952.81,2.33,0.02,-0.006,0.043,2952.52,-0.15,0.884,-0.059,0.043,2952.51,-1.39,0.166,-0.043,0.03,2951.88,-1.43,0.153,-0.009,0.03,2952.04,-0.3,0.764
"533017","pain","visual","cue","Ctx_V3A_R",-0.004,0.029,2892.69,-0.13,0.893,0.032,0.03,329.83,1.07,0.286,0.036,0.029,2892.61,1.24,0.216,0.011,0.041,2891.52,0.27,0.787,0.018,0.041,2892.77,0.44,0.659,0.018,0.029,2901,0.63,0.531,0.008,0.029,2891.51,0.27,0.784
"533021","vision","visual","cue","Ctx_V3A_R",0.012,0.03,2955.73,0.42,0.677,-0.008,0.03,2954.99,-0.28,0.778,0.022,0.03,2955.72,0.74,0.462,-0.025,0.042,2955.44,-0.59,0.557,-0.05,0.042,2955.36,-1.19,0.235,-0.038,0.03,2954.92,-1.28,0.2,-0.015,0.03,2955.02,-0.5,0.616
"539074","pain","visual","cue","Ctx_V3B_R",0.018,0.029,2882.8,0.61,0.543,0.057,0.03,290.41,1.9,0.058,0.027,0.029,2882.17,0.93,0.354,0.067,0.041,2881.55,1.64,0.1,0.016,0.041,2882.78,0.4,0.69,-0.036,0.029,2890.38,-1.24,0.216,-0.026,0.029,2881.43,-0.9,0.368
"539078","vision","visual","cue","Ctx_V3B_R",-0.016,0.029,2962.79,-0.53,0.596,-0.054,0.029,2962.22,-1.83,0.067,0.037,0.029,2962.81,1.27,0.206,0.041,0.042,2962.59,0.99,0.324,-0.015,0.042,2962.69,-0.35,0.723,-0.004,0.029,2962.13,-0.14,0.887,-0.001,0.029,2962.22,-0.02,0.984
"545131","pain","visual","cue","Ctx_MT_R",0.027,0.029,2935.12,0.96,0.338,0.037,0.029,2935.44,1.31,0.192,0.017,0.029,2936.07,0.59,0.553,0.003,0.04,2935.45,0.08,0.94,-0.034,0.04,2935.72,-0.83,0.405,0.001,0.029,2935.38,0.02,0.986,-0.023,0.029,2935.56,-0.81,0.418
"545135","vision","visual","cue","Ctx_MT_R",-0.001,0.03,2917.68,-0.02,0.983,-0.011,0.03,334.09,-0.37,0.708,0.026,0.03,2916.68,0.87,0.383,0.011,0.042,2916.69,0.26,0.797,-0.029,0.042,2916.4,-0.68,0.499,-0.043,0.03,2918.19,-1.44,0.149,-0.002,0.03,2919.58,-0.08,0.934
"551188","pain","visual","cue","Ctx_VMV1_R",-0.017,0.03,2935.64,-0.59,0.555,0.035,0.03,2936.04,1.17,0.241,0.032,0.03,2937.04,1.08,0.28,0.013,0.042,2936.11,0.32,0.751,0.038,0.042,2936.53,0.9,0.368,-0.012,0.03,2935.99,-0.4,0.688,-0.009,0.03,2936.23,-0.3,0.768
"551192","vision","visual","cue","Ctx_VMV1_R",-0.021,0.03,2956.14,-0.69,0.487,-0.032,0.03,2955.03,-1.06,0.289,0.002,0.03,2955.84,0.07,0.943,-0.045,0.043,2955.54,-1.04,0.296,-0.049,0.043,2955.5,-1.15,0.248,-0.047,0.03,2954.94,-1.55,0.121,-0.016,0.03,2955.1,-0.53,0.593
"557245","pain","visual","cue","Ctx_VMV3_R",0.03,0.029,2939.98,1.01,0.311,0.014,0.029,2940.39,0.48,0.632,0.02,0.029,2941.28,0.68,0.494,0.03,0.041,2940.44,0.72,0.473,0.073,0.041,2940.81,1.76,0.079,-0.02,0.029,2940.3,-0.69,0.492,-0.016,0.029,2940.56,-0.54,0.591
"557249","vision","visual","cue","Ctx_VMV3_R",0.037,0.03,2958.27,1.23,0.218,-0.041,0.03,2957.66,-1.37,0.17,0.02,0.03,2958.33,0.68,0.496,0.036,0.042,2958.05,0.86,0.39,-0.022,0.042,2957.99,-0.53,0.595,-0.061,0.03,2957.47,-2.04,0.042,0,0.03,2957.63,-0.01,0.99
"563302","pain","visual","cue","Ctx_V4t_R",0.005,0.029,2928.88,0.19,0.849,0.012,0.029,2929.19,0.41,0.685,0.042,0.029,2929.84,1.46,0.145,0.011,0.04,2929.2,0.28,0.78,-0.001,0.04,2929.5,-0.03,0.976,0.014,0.029,2929.14,0.5,0.616,0.003,0.029,2929.33,0.1,0.919
"563306","vision","visual","cue","Ctx_V4t_R",-0.019,0.03,2908.92,-0.63,0.529,-0.048,0.03,355.97,-1.6,0.11,0.048,0.03,2908.41,1.58,0.114,-0.025,0.043,2908.58,-0.59,0.553,-0.029,0.042,2908.09,-0.68,0.497,-0.048,0.03,2909.97,-1.59,0.111,-0.011,0.03,2910.82,-0.36,0.719
"569359","pain","visual","cue","Ctx_V3CD_R",-0.023,0.029,2885.66,-0.81,0.416,-0.014,0.029,281.93,-0.49,0.626,0.045,0.029,2885.67,1.58,0.115,0.03,0.041,2884.85,0.73,0.466,-0.023,0.041,2886.11,-0.56,0.574,-0.018,0.029,2894.49,-0.63,0.526,-0.027,0.029,2884.57,-0.93,0.353
"569363","vision","visual","cue","Ctx_V3CD_R",0.002,0.03,2955.94,0.07,0.942,-0.046,0.03,2955.13,-1.55,0.12,0.057,0.03,2955.82,1.93,0.053,0.053,0.042,2955.55,1.26,0.208,-0.009,0.042,2955.52,-0.21,0.834,-0.033,0.03,2955.04,-1.1,0.27,-0.02,0.03,2955.15,-0.68,0.496
"575416","pain","visual","cue","Ctx_VMV2_R",0.011,0.03,2930.65,0.37,0.711,0.021,0.03,2931.11,0.69,0.489,0.014,0.03,2932.24,0.47,0.637,0.005,0.042,2931.14,0.11,0.909,0.03,0.042,2931.68,0.71,0.478,0.006,0.03,2931.02,0.2,0.843,-0.037,0.03,2931.32,-1.25,0.211
"575420","vision","visual","cue","Ctx_VMV2_R",0.01,0.03,2955.2,0.34,0.736,-0.03,0.03,2954.49,-0.99,0.322,0.011,0.03,2955.19,0.37,0.708,-0.001,0.043,2954.9,-0.02,0.981,-0.013,0.043,2954.84,-0.31,0.76,-0.044,0.03,2954.31,-1.46,0.145,-0.002,0.03,2954.46,-0.08,0.939
"581473","pain","visual","cue","Thal_Lateral_Geniculate_Nucleus_L",-0.012,0.03,2897.78,-0.4,0.687,-0.003,0.031,276.31,-0.1,0.919,-0.011,0.03,2898.28,-0.37,0.711,0.004,0.042,2897.01,0.09,0.93,0.015,0.042,2898.81,0.35,0.724,0.005,0.03,2903.38,0.16,0.875,-0.079,0.03,2896.88,-2.67,0.008
"581477","vision","visual","cue","Thal_Lateral_Geniculate_Nucleus_L",0.016,0.031,2928.52,0.51,0.61,-0.058,0.032,257.34,-1.79,0.074,0.007,0.031,2928.11,0.21,0.83,0.04,0.044,2927.74,0.93,0.353,-0.034,0.043,2927.99,-0.79,0.428,-0.02,0.031,2928.95,-0.64,0.524,-0.018,0.031,2929.82,-0.58,0.565
"587530","pain","visual","cue","Thal_Lateral_Geniculate_Nucleus_R",-0.013,0.031,2935.08,-0.44,0.659,0.018,0.031,2935.74,0.59,0.554,0.005,0.031,2937.41,0.16,0.876,-0.016,0.043,2935.89,-0.38,0.706,-0.013,0.043,2936.49,-0.3,0.764,0.03,0.031,2935.6,0.99,0.323,-0.023,0.031,2935.94,-0.77,0.442
"587534","vision","visual","cue","Thal_Lateral_Geniculate_Nucleus_R",-0.006,0.031,2963.8,-0.18,0.854,-0.037,0.031,2962.53,-1.22,0.224,-0.026,0.031,2963.75,-0.86,0.389,0.014,0.044,2963.11,0.32,0.75,-0.042,0.044,2963.31,-0.96,0.337,-0.046,0.031,2962.28,-1.51,0.132,0.049,0.031,2962.55,1.6,0.11
